population,Tube_ID,treatment,Leaf_Mass_g,Avg_Leaf_Mass_g,Leaf_Area_cm2,SLA
1,A1,drought,0.005,0.0009,0.2,222.22
1,A2,drought,0.005,0.0009,0.13,144.44
1,A3,drought,0.005,0.0009,0.08,88.89
1,A4,drought,0.005,0.0009,0.05,55.56
1,A5,drought,0.005,0.0009,0.05,55.56
1,A6,drought,0.005,0.00092,0.15,163.04
1,A7,drought,0.005,0.00092,0.15,163.04
1,B1,drought,0.005,0.00092,0.09,97.83
1,B2,drought,0.005,0.00092,0.07,76.09
1,B3,drought,0.005,0.00092,0.11,119.57
1,B4,drought,0.004,0.00084,0.14,166.67
1,B5,drought,0.004,0.00084,0.1,119.05
1,B6,drought,0.004,0.00084,0.07,83.33
1,B7,drought,0.004,0.00084,0.08,95.24
1,C1,drought,0.004,0.00084,0.11,130.95
1,C2,drought,0.004,0.00072,0.04,55.56
1,C3,drought,0.004,0.00072,0.11,152.78
1,C4,drought,0.004,0.00072,0.06,83.33
1,C5,drought,0.004,0.00072,0.1,138.89
1,C6,drought,0.004,0.00072,0.05,69.44
1,C7,drought,0.006,0.00114,0.1,87.72
1,D1,drought,0.006,0.00114,0.12,105.26
1,D2,drought,0.006,0.00114,0.1,87.72
1,D3,drought,0.006,0.00114,0.21,184.21
1,D4,drought,0.006,0.00114,0.08,70.18
1,D5,drought,0.004,0.00086,0.13,151.16
1,D6,drought,0.004,0.00086,0.13,151.16
1,D7,drought,0.004,0.00086,0.09,104.65
1,E1,drought,0.004,0.00086,0.02,23.26
1,E2,drought,0.004,0.00086,0.05,58.14
1,E3,drought,0.004,0.00076,0.04,52.63
1,E4,drought,0.004,0.00076,0.07,92.11
1,E5,drought,0.004,0.00076,0.15,197.37
1,E6,drought,0.004,0.00076,0.09,118.42
1,E7,drought,0.004,0.00076,0.09,118.42
1,F1,drought,0.004,0.00086,0.13,151.16
1,F2,drought,0.004,0.00086,0.04,46.51
1,F3,drought,0.004,0.00086,0.16,186.05
1,F4,drought,0.004,0.00086,0.06,69.77
1,F5,drought,0.004,0.00086,0.04,46.51
1,F6,drought,0.004,0.000975,0.08,82.05
1,F7,drought,0.004,0.000975,0.08,82.05
1,G1,drought,0.004,0.000975,0.06,61.54
1,G2,drought,0.004,0.000975,0.1,102.56
2,A1,drought,0.002,0.0005,0.02,40.00
2,A2,drought,0.002,0.0005,0.03,60.00
2,A3,drought,0.002,0.0004,0.04,100.00
2,A4,drought,0.002,0.0004,0.03,75.00
2,A5,drought,0.002,0.0004,0.04,100.00
2,A6,drought,0.003,0.0006,0.07,116.67
2,A7,drought,0.003,0.0006,0.06,100.00
2,B1,drought,0.003,0.0006,0.11,183.33
2,B2,drought,0.003,0.0006,0.06,100.00
2,B3,drought,0.003,0.0006,0.12,200.00
2,B4,drought,0.002,0.00044,0.1,227.27
2,B5,drought,0.002,0.00044,0.08,181.82
2,B6,drought,0.002,0.00044,0.02,45.45
2,B7,drought,0.002,0.00044,0.06,136.36
2,C1,drought,0.002,0.00044,0.03,68.18
2,C2,drought,0.003,0.00052,0.04,76.92
2,C3,drought,0.003,0.00052,0.08,153.85
2,C4,drought,0.003,0.00052,0.05,96.15
2,C5,drought,0.003,0.00052,0.06,115.38
2,C6,drought,0.003,0.00052,0.09,173.08
2,C7,drought,0.004,0.00072,0.13,180.56
2,D1,drought,0.004,0.00072,0.08,111.11
2,D2,drought,0.004,0.00072,0.08,111.11
2,D3,drought,0.004,0.00072,0.07,97.22
2,D4,drought,0.004,0.00072,0.06,83.33
2,D5,drought,0.002,0.00042,0.08,190.48
2,D6,drought,0.002,0.00042,0.07,166.67
2,D7,drought,0.002,0.00042,0.04,95.24
2,E1,drought,0.002,0.00042,0.04,95.24
2,E2,drought,0.002,0.00042,0.07,166.67
2,E3,drought,0.002,0.00036,0.06,166.67
2,E4,drought,0.002,0.00036,0.02,55.56
2,E5,drought,0.002,0.00036,0.05,138.89
2,E6,drought,0.002,0.00036,0.05,138.89
2,E7,drought,0.002,0.00036,0.05,138.89
2,F1,drought,0.003,0.0005,0.08,160.00
2,F2,drought,0.003,0.0005,0.05,100.00
2,F3,drought,0.003,0.0005,0.11,220.00
2,F4,drought,0.003,0.0005,0.03,60.00
2,F5,drought,0.003,0.0005,0.04,80.00
2,F6,drought,0.002,0.000425,0.05,117.65
2,F7,drought,0.002,0.000425,0.06,141.18
2,G1,drought,0.002,0.000425,0.02,47.06
2,G2,drought,0.002,0.000425,0.05,117.65
3,A1,drought,0.004,0.0008,0.05,62.50
3,A2,drought,0.004,0.0008,0.05,62.50
3,A3,drought,0.004,0.0008,0.06,75.00
3,A4,drought,0.004,0.0008,0.06,75.00
3,A5,drought,0.004,0.0008,0.08,100.00
3,A6,drought,0.003,0.00068,0.03,44.12
3,A7,drought,0.003,0.00068,0.08,117.65
3,B1,drought,0.003,0.00068,0.07,102.94
3,B2,drought,0.003,0.00068,0.04,58.82
3,B3,drought,0.003,0.00068,0.05,73.53
3,B4,drought,0.004,0.00078,0.09,115.38
3,B5,drought,0.004,0.00078,0.05,64.10
3,B6,drought,0.004,0.00078,0.07,89.74
3,B7,drought,0.004,0.00078,0.09,115.38
3,C1,drought,0.004,0.00078,0.07,89.74
3,C2,drought,0.004,0.00084,0.08,95.24
3,C3,drought,0.004,0.00084,0.07,83.33
3,C4,drought,0.004,0.00084,0.08,95.24
3,C5,drought,0.004,0.00084,0.04,47.62
3,C6,drought,0.004,0.00084,0.06,71.43
3,C7,drought,0.004,0.00084,0.09,107.14
3,D1,drought,0.004,0.00084,0.06,71.43
3,D2,drought,0.004,0.00084,0.06,71.43
3,D3,drought,0.004,0.00084,0.08,95.24
3,D4,drought,0.004,0.00084,0.04,47.62
3,D5,drought,0.004,0.00076,0.05,65.79
3,D6,drought,0.004,0.00076,0.07,92.11
3,D7,drought,0.004,0.00076,0.06,78.95
3,E1,drought,0.004,0.00076,0.08,105.26
3,E2,drought,0.004,0.00076,0.07,92.11
3,E3,drought,0.004,0.00082,0.08,97.56
3,E4,drought,0.004,0.00082,0.05,60.98
3,E5,drought,0.004,0.00082,0.07,85.37
3,E6,drought,0.004,0.00082,0.07,85.37
3,E7,drought,0.004,0.00082,0.07,85.37
3,F1,drought,0.004,0.0008,0.07,87.50
3,F2,drought,0.004,0.0008,0.05,62.50
3,F3,drought,0.004,0.0008,0.08,100.00
3,F4,drought,0.004,0.0008,0.06,75.00
3,F5,drought,0.004,0.0008,0.07,87.50
3,F6,drought,0.003,0.000775,0.06,77.42
3,F7,drought,0.003,0.000775,0.05,64.52
3,G1,drought,0.003,0.000775,0.06,77.42
3,G2,drought,0.003,0.000775,0.04,51.61
4,A1,drought,0.004,0.00084,0.04,47.62
4,A2,drought,0.004,0.00084,0.04,47.62
4,A3,drought,0.004,0.00084,0.06,71.43
4,A4,drought,0.004,0.00084,0.15,178.57
4,A5,drought,0.004,0.00084,0.02,23.81
4,A6,drought,0.004,0.00076,0.06,78.95
4,A7,drought,0.004,0.00076,0.07,92.11
4,B1,drought,0.004,0.00076,0.07,92.11
4,B2,drought,0.004,0.00076,0.07,92.11
4,B3,drought,0.004,0.00076,0.06,78.95
4,B4,drought,0.004,0.00086,0.12,139.53
4,B5,drought,0.004,0.00086,0.03,34.88
4,B6,drought,0.004,0.00086,0.06,69.77
4,B7,drought,0.004,0.00086,0.12,139.53
4,C1,drought,0.004,0.00086,0.05,58.14
4,C2,drought,0.003,0.0006,0.06,100.00
4,C3,drought,0.003,0.0006,0.06,100.00
4,C4,drought,0.003,0.0006,0.07,116.67
4,C5,drought,0.003,0.0006,0.06,100.00
4,C6,drought,0.003,0.0006,0.06,100.00
4,C7,drought,0.003,0.00064,0.05,78.13
4,D1,drought,0.003,0.00064,0.07,109.38
4,D2,drought,0.003,0.00064,0.07,109.38
4,D3,drought,0.003,0.00064,0.04,62.50
4,D4,drought,0.003,0.00064,0.05,78.13
4,D5,drought,0.005,0.00106,0.08,75.47
4,D6,drought,0.005,0.00106,0.16,150.94
4,D7,drought,0.005,0.00106,0.12,113.21
4,E1,drought,0.005,0.00106,0.07,66.04
4,E2,drought,0.005,0.00106,0.04,37.74
4,E3,drought,0.004,0.00078,0.09,115.38
4,E4,drought,0.004,0.00078,0.05,64.10
4,E5,drought,0.004,0.00078,0.05,64.10
4,E6,drought,0.004,0.00078,0.09,115.38
4,E7,drought,0.004,0.00078,0.06,76.92
4,F1,drought,0.003,0.000775,0.05,64.52
4,F2,drought,0.003,0.000775,0.06,77.42
4,F3,drought,0.003,0.000775,0.06,77.42
4,F4,drought,0.003,0.000775,0.05,64.52
4,F5,drought,0.003,0.000675,0.09,133.33
4,F6,drought,NA,NA,NA,NA
4,F7,drought,0.003,0.000675,0.08,118.52
4,G1,drought,0.003,0.000675,0.05,74.07
4,G2,drought,0.003,0.000675,0.04,59.26
5,A1,drought,0.003,0.00064,0.03,46.88
5,A2,drought,0.003,0.00064,0.05,78.13
5,A3,drought,0.003,0.00064,0.1,156.25
5,A4,drought,0.003,0.00064,0.05,78.13
5,A5,drought,0.003,0.00064,0.04,62.50
5,A6,drought,0.005,0.00108,0.07,64.81
5,A7,drought,0.005,0.00108,0.09,83.33
5,B1,drought,0.005,0.00108,0.04,37.04
5,B2,drought,0.005,0.00108,0.15,138.89
5,B3,drought,0.005,0.00108,0.09,83.33
5,B4,drought,0.004,0.00072,0.09,125.00
5,B5,drought,0.004,0.00072,0.04,55.56
5,B6,drought,0.004,0.00072,0.07,97.22
5,B7,drought,0.004,0.00072,0.03,41.67
5,C1,drought,NA,NA,NA,NA
5,C2,drought,0.004,0.00072,0.02,0.00
5,C3,drought,0.005,0.00094,0.14,162.79
5,C4,drought,0.005,0.00094,0.08,93.02
5,C5,drought,0.005,0.00094,0.05,58.14
5,C6,drought,0.005,0.00094,0.04,46.51
5,C7,drought,0.005,0.00094,0.08,0.00
5,D1,drought,0.005,0.00098,0.05,0.00
5,D2,drought,NA,NA,NA,NA
5,D3,drought,0.005,0.00098,0.08,121.21
5,D4,drought,NA,NA,NA,NA
5,D5,drought,0.005,0.00098,0.17,257.58
5,D6,drought,NA,NA,NA,NA
5,D7,drought,0.005,0.00098,0.06,90.91
5,E1,drought,0.005,0.00098,0.07,106.06
5,E2,drought,NA,NA,NA,NA
5,E3,drought,0.004,0.0007,0.04,51.28
5,E4,drought,0.004,0.0007,0.06,76.92
5,E5,drought,0.004,0.0007,0.04,51.28
5,E6,drought,0.004,0.0007,0.07,89.74
5,E7,drought,0.004,0.0007,0.05,64.10
5,F1,drought,NA,NA,NA,NA
5,F2,drought,0.005,0.0009,0.05,0.00
5,F3,drought,0.005,0.0009,0.03,33.33
5,F4,drought,NA,NA,NA,NA
5,F5,drought,0.005,0.0009,0.03,33.33
5,F6,drought,0.005,0.0009,0.18,200.00
5,F7,drought,NA,NA,NA,NA
5,G1,drought,0.005,0.0009,0.09,100.00
5,G2,drought,0.005,0.0009,0.07,77.78
6,A1,drought,0.006,0.00114,0.03,26.32
6,A2,drought,0.006,0.00114,0.16,140.35
6,A3,drought,0.006,0.00114,0.07,61.40
6,A4,drought,NA,NA,0.08,NA
6,A5,drought,0.006,0.00114,0.09,78.95
6,A6,drought,0.006,0.00114,0.05,43.86
6,A7,drought,0.005,0.00098,0.04,40.82
6,B1,drought,0.005,0.00098,0.05,51.02
6,B2,drought,0.005,0.00098,0.07,71.43
6,B3,drought,0.005,0.00098,0.04,40.82
6,B4,drought,0.005,0.00098,0.05,51.02
6,B5,drought,0.004,0.0008,0.07,87.50
6,B6,drought,0.004,0.0008,0.04,50.00
6,B7,drought,0.004,0.0008,0.05,62.50
6,C1,drought,0.004,0.0008,0.06,75.00
6,C2,drought,0.004,0.0008,0.05,62.50
6,C3,drought,0.004,0.00086,0.06,69.77
6,C4,drought,0.004,0.00086,0.08,93.02
6,C5,drought,0.004,0.00086,0.09,104.65
6,C6,drought,0.004,0.00086,0.03,34.88
6,C7,drought,0.004,0.00086,0.04,46.51
6,D1,drought,0.004,0.00074,0.04,54.05
6,D2,drought,0.004,0.00074,0.04,54.05
6,D3,drought,0.004,0.00074,0.05,67.57
6,D4,drought,0.004,0.00074,0.04,54.05
6,D5,drought,0.004,0.00074,0.05,67.57
6,D6,drought,0.005,0.00092,0.06,65.22
6,D7,drought,0.005,0.00092,0.06,65.22
6,E1,drought,0.005,0.00092,0.04,43.48
6,E2,drought,0.005,0.00092,0.05,54.35
6,E3,drought,0.005,0.00092,0.06,65.22
6,E4,drought,0.005,0.000833333,0.04,48.00
6,E5,drought,0.005,0.000833333,0.02,24.00
6,E6,drought,0.005,0.000833333,0.06,72.00
6,E7,drought,0.005,0.000833333,0.09,108.00
6,F1,drought,0.005,0.000833333,0.03,36.00
6,F2,drought,0.005,0.000833333,0.08,96.00
6,F3,drought,0.006,0.001033333,0.04,38.71
6,F4,drought,0.006,0.001033333,0.1,96.77
6,F5,drought,0.006,0.001033333,0.1,96.77
6,F6,drought,0.006,0.001033333,0.07,67.74
6,F7,drought,0.006,0.001033333,0.05,48.39
6,G1,drought,NA,NA,NA,NA
6,G2,drought,0.006,0.001033333,0.04,38.71
7,A1,drought,0.004,0.0007,0.15,214.29
7,A2,drought,0.004,0.0007,0.12,171.43
7,A3,drought,0.004,0.0007,0.11,157.14
7,A4,drought,0.004,0.0007,0.12,171.43
7,A5,drought,0.004,0.0007,0.09,128.57
7,A6,drought,0.003,0.00058,0.1,172.41
7,A7,drought,0.003,0.00058,0.1,172.41
7,B1,drought,0.003,0.00058,0.09,155.17
7,B2,drought,0.003,0.00058,0.1,172.41
7,B3,drought,0.003,0.00058,0.07,120.69
7,B4,drought,0.003,0.0006,0.06,100.00
7,B5,drought,0.003,0.0006,0.1,166.67
7,B6,drought,0.003,0.0006,0.14,233.33
7,B7,drought,0.003,0.0006,0.1,166.67
7,C1,drought,0.003,0.0006,0.1,166.67
7,C2,drought,0.002,0.00046,0.09,195.65
7,C3,drought,0.002,0.00046,0.04,86.96
7,C4,drought,0.002,0.00046,0.07,152.17
7,C5,drought,0.002,0.00046,0.09,195.65
7,C6,drought,0.002,0.00046,0.08,173.91
7,C7,drought,0.004,0.00074,0.13,175.68
7,D1,drought,0.004,0.00074,0.09,121.62
7,D2,drought,0.004,0.00074,0.09,121.62
7,D3,drought,0.004,0.00074,0.09,121.62
7,D4,drought,0.004,0.00074,0.11,148.65
7,D5,drought,0.003,0.00064,0.1,156.25
7,D6,drought,0.003,0.00064,0.08,125.00
7,D7,drought,0.003,0.00064,0.06,93.75
7,E1,drought,0.003,0.00064,0.1,156.25
7,E2,drought,0.003,0.00064,0.12,187.50
7,E3,drought,0.003,0.00068,0.07,102.94
7,E4,drought,0.003,0.00068,0.11,161.76
7,E5,drought,0.003,0.00068,0.11,161.76
7,E6,drought,0.003,0.00068,0.08,117.65
7,E7,drought,0.003,0.00068,0.08,117.65
7,F1,drought,0.003,0.0006,0.08,133.33
7,F2,drought,0.003,0.0006,0.14,233.33
7,F3,drought,0.003,0.0006,0.07,116.67
7,F4,drought,0.003,0.0006,0.09,150.00
7,F5,drought,0.003,0.0006,0.04,66.67
7,F6,drought,0.002,0.0006,0.12,200.00
7,F7,drought,0.002,0.0006,0.09,150.00
7,G1,drought,0.002,0.0006,0.11,183.33
7,G2,drought,0.002,0.0006,0.1,166.67
8,A1,drought,0.004,0.0007,0.06,85.71
8,A2,drought,0.004,0.0007,0.07,100.00
8,A3,drought,0.004,0.0007,0.1,142.86
8,A4,drought,0.004,0.0007,0.1,142.86
8,A5,drought,0.004,0.0007,0.07,100.00
8,A6,drought,0.004,0.00082,0.07,85.37
8,A7,drought,0.004,0.00082,0.08,97.56
8,B1,drought,0.004,0.00082,0.12,146.34
8,B2,drought,0.004,0.00082,0.08,97.56
8,B3,drought,0.004,0.00082,0.07,85.37
8,B4,drought,0.005,0.00098,0.09,91.84
8,B5,drought,0.005,0.00098,0.06,61.22
8,B6,drought,0.005,0.00098,0.09,91.84
8,B7,drought,NA,NA,NA,NA
8,C1,drought,0.005,0.00098,0.12,122.45
8,C2,drought,0.005,0.00098,0.11,112.24
8,C3,drought,0.005,0.001,0.11,110.00
8,C4,drought,0.005,0.001,0.08,80.00
8,C5,drought,0.005,0.001,0.09,90.00
8,C6,drought,NA,NA,NA,NA
8,C7,drought,0.005,0.001,0.09,90.00
8,D1,drought,0.005,0.001,0.11,110.00
8,D2,drought,0.005,0.00094,0.08,85.11
8,D3,drought,0.005,0.00094,0.1,106.38
8,D4,drought,0.005,0.00094,0.07,74.47
8,D5,drought,0.005,0.00094,0.1,106.38
8,D6,drought,0.005,0.00094,0.07,74.47
8,D7,drought,0.004,0.00086,0.09,104.65
8,E1,drought,0.004,0.00086,0.07,81.40
8,E2,drought,0.004,0.00086,0.08,93.02
8,E3,drought,0.004,0.00086,0.03,34.88
8,E4,drought,0.004,0.00086,0.09,104.65
8,E5,drought,0.005,0.0009,0.06,66.67
8,E6,drought,0.005,0.0009,0.07,77.78
8,E7,drought,0.005,0.0009,0.09,100.00
8,F1,drought,0.005,0.0009,0.1,111.11
8,F2,drought,0.005,0.0009,0.09,100.00
8,F3,drought,0.005,0.0009,0.07,77.78
8,F4,drought,0.006,0.00093,0.13,139.29
8,F5,drought,0.006,0.000933333,0.06,64.29
8,F6,drought,0.006,0.000933333,0.1,107.14
8,F7,drought,0.006,0.000933333,0.06,64.29
8,G1,drought,0.006,0.000933333,0.07,75.00
8,G2,drought,0.006,0.000933333,0.09,96.43
9,A1,drought,0.004,0.0008,0.08,100.00
9,A2,drought,0.004,0.0008,0.05,62.50
9,A3,drought,0.004,0.0008,0.08,100.00
9,A4,drought,NA,NA,NA,NA
9,A5,drought,NA,NA,NA,NA
9,A6,drought,NA,NA,NA,NA
9,A7,drought,0.004,0.0008,0.05,62.50
9,B1,drought,0.004,0.0008,0.09,112.50
9,B2,drought,0.005,0.00096,0.08,83.33
9,B3,drought,0.005,0.00096,0.07,72.92
9,B4,drought,0.005,0.00096,0.07,72.92
9,B5,drought,0.005,0.00096,0.11,114.58
9,B6,drought,0.005,0.00096,0.07,72.92
9,B7,drought,0.006,0.00114,0.11,96.49
9,C1,drought,0.006,0.00114,0.06,52.63
9,C2,drought,0.006,0.00114,0.09,78.95
9,C3,drought,0.006,0.00114,0.09,78.95
9,C4,drought,0.006,0.00114,0.09,78.95
9,C5,drought,0.004,0.00086,0.07,81.40
9,C6,drought,NA,NA,NA,NA
9,C7,drought,0.004,0.00086,0.11,127.91
9,D1,drought,0.004,0.00086,0.08,93.02
9,D2,drought,NA,NA,NA,NA
9,D3,drought,0.004,0.00086,0.07,81.40
9,D4,drought,0.004,0.00086,0.07,81.40
9,D5,drought,NA,NA,NA,NA
9,D6,drought,0.005,0.00092,0.08,86.96
9,D7,drought,0.005,0.00092,0.06,65.22
9,E1,drought,0.005,0.00092,0.08,86.96
9,E2,drought,0.005,0.00092,0.09,97.83
9,E3,drought,0.005,0.00092,0.07,76.09
9,E4,drought,0.005,0.00106,0.07,66.04
9,E5,drought,0.005,0.00106,0.08,75.47
9,E6,drought,0.005,0.00106,0.15,141.51
9,E7,drought,0.005,0.00106,0.05,47.17
9,F1,drought,0.005,0.00106,0.1,94.34
9,F2,drought,0.006,0.00122,0.1,81.97
9,F3,drought,NA,NA,NA,NA
9,F4,drought,NA,NA,NA,NA
9,F5,drought,NA,NA,NA,NA
9,F6,drought,0.006,0.00122,0.11,90.16
9,F7,drought,0.006,0.00122,0.1,81.97
9,G1,drought,0.006,0.00122,0.14,114.75
9,G2,drought,0.006,0.00122,0.05,40.98
10,A1,drought,0.004,0.00078,0.11,141.03
10,A2,drought,0.004,0.00078,0.05,64.10
10,A3,drought,0.004,0.00078,0.14,179.49
10,A4,drought,NA,NA,NA,NA
10,A5,drought,0.004,0.00078,0.04,51.28
10,A6,drought,0.004,0.00078,0.04,51.28
10,A7,drought,0.005,0.00092,0.04,43.48
10,B1,drought,NA,NA,NA,NA
10,B2,drought,0.005,0.00092,0.19,206.52
10,B3,drought,NA,NA,NA,NA
10,B4,drought,0.005,0.00092,0.07,76.09
10,B5,drought,0.005,0.00092,0.13,141.30
10,B6,drought,NA,NA,NA,NA
10,B7,drought,0.005,0.00092,0.07,76.09
10,C1,drought,NA,NA,NA,NA
10,C2,drought,NA,NA,NA,NA
10,C3,drought,NA,NA,NA,NA
10,C4,drought,0.006,0.00116,0.13,112.07
10,C5,drought,NA,NA,NA,NA
10,C6,drought,NA,NA,NA,NA
10,C7,drought,NA,NA,NA,NA
10,D1,drought,0.006,0.00116,0.08,68.97
10,D2,drought,NA,NA,NA,NA
10,D3,drought,NA,NA,NA,NA
10,D4,drought,0.006,0.00116,0.1,86.21
10,D5,drought,NA,NA,NA,NA
10,D6,drought,NA,NA,NA,NA
10,D7,drought,0.006,0.00116,0.16,137.93
10,E1,drought,0.006,0.00116,0.11,94.83
10,E2,drought,NA,NA,NA,NA
10,E3,drought,NA,NA,NA,NA
10,E4,drought,0.004,0.0008,0.07,87.50
10,E5,drought,NA,NA,NA,NA
10,E6,drought,0.004,0.0008,0.08,100.00
10,E7,drought,0.004,0.0008,0.06,75.00
10,F1,drought,0.004,0.0008,0.08,100.00
10,F2,drought,0.004,0.0008,0.09,112.50
10,F3,drought,0.003,0.00085,0.07,82.35
10,F4,drought,NA,NA,NA,NA
10,F5,drought,0.003,0.00085,0.23,270.59
10,F6,drought,0.003,0.00085,0.06,70.59
10,F7,drought,NA,NA,NA,NA
10,G1,drought,NA,NA,NA,NA
10,G2,drought,0.003,0.00085,0.06,70.59
11,A1,drought,0.005,0.001,0.18,180.00
11,A2,drought,0.005,0.001,0.07,70.00
11,A3,drought,0.005,0.001,0.16,160.00
11,A4,drought,0.005,0.001,0.06,60.00
11,A5,drought,0.005,0.001,0.12,120.00
11,A6,drought,0.005,0.001,0.13,130.00
11,A7,drought,0.005,0.001,0.06,60.00
11,B1,drought,NA,NA,NA,NA
11,B2,drought,0.005,0.001,0.1,100.00
11,B3,drought,0.005,0.001,0.14,140.00
11,B4,drought,NA,NA,NA,NA
11,B5,drought,0.005,0.001,0.11,110.00
11,B6,drought,NA,NA,NA,NA
11,B7,drought,0.004,0.0008,0.08,100.00
11,C1,drought,0.004,0.0008,0.08,100.00
11,C2,drought,0.004,0.0008,0.16,200.00
11,C3,drought,NA,NA,NA,NA
11,C4,drought,0.004,0.0008,0.03,NA
11,C5,drought,0.004,0.0008,0.09,112.50
11,C6,drought,0.007,0.00123,0.21,170.27
11,C7,drought,0.007,0.00123,0.04,32.43
11,D1,drought,NA,NA,NA,NA
11,D2,drought,NA,NA,NA,NA
11,D3,drought,0.007,0.00123,0.1,81.08
11,D4,drought,0.007,0.00123,0.1,81.08
11,D5,drought,NA,NA,NA,NA
11,D6,drought,0.007,0.00123,0.16,129.73
11,D7,drought,NA,NA,NA,NA
11,E1,drought,NA,NA,NA,NA
11,E2,drought,0.007,0.00123,0.16,129.73
11,E3,drought,0.005,0.000883,0.08,90.57
11,E4,drought,NA,NA,NA,NA
11,E5,drought,NA,NA,NA,NA
11,E6,drought,NA,NA,NA,NA
11,E7,drought,0.005,0.000883,0.1,113.21
11,F1,drought,NA,NA,NA,NA
11,F2,drought,NA,NA,NA,NA
11,F3,drought,0.005,0.000883,0.06,67.92
11,F4,drought,0.005,0.000883,0.04,45.28
11,F5,drought,NA,NA,NA,#VALUE!
11,F6,drought,0.005,0.000883,0.11,124.53
11,F7,drought,0.005,0.000883,0.11,124.53
11,G1,drought,NA,NA,NA,NA
11,G2,drought,NA,NA,NA,NA
12,A1,drought,0.004,0.00074,0.07,94.59
12,A2,drought,0.004,0.00074,0.07,94.59
12,A3,drought,0.004,0.00074,0.05,67.57
12,A4,drought,0.004,0.00074,0.06,81.08
12,A5,drought,0.004,0.00074,0.05,67.57
12,A6,drought,0.003,0.00064,0.06,93.75
12,A7,drought,0.003,0.00064,0.04,62.50
12,B1,drought,0.003,0.00064,0.09,140.63
12,B2,drought,0.003,0.00064,0.08,125.00
12,B3,drought,0.003,0.00064,0.03,46.88
12,B4,drought,NA,NA,NA,NA
12,B5,drought,0.004,0.00084,0.08,95.24
12,B6,drought,NA,NA,NA,#VALUE!
12,B7,drought,0.004,0.00084,0.06,71.43
12,C1,drought,0.004,0.00084,0.09,107.14
12,C2,drought,0.004,0.00084,0.08,95.24
12,C3,drought,0.004,0.00084,0.05,59.52
12,C4,drought,NA,NA,NA,NA
12,C5,drought,NA,NA,NA,NA
12,C6,drought,0.004,0.0008,0.07,87.50
12,C7,drought,0.004,0.0008,0.09,112.50
12,D1,drought,0.004,0.0008,0.07,87.50
12,D2,drought,0.004,0.0008,0.09,112.50
12,D3,drought,0.004,0.0008,0.06,75.00
12,D4,drought,0.004,0.00086,0.07,81.40
12,D5,drought,0.004,0.00086,0.12,139.53
12,D6,drought,0.004,0.00086,0.09,104.65
12,D7,drought,0.004,0.00086,0.07,81.40
12,E1,drought,0.004,0.00086,0.09,104.65
12,E2,drought,0.004,0.00078,0.03,38.46
12,E3,drought,0.004,0.00078,0.08,102.56
12,E4,drought,0.004,0.00078,0.12,153.85
12,E5,drought,0.004,0.00078,0.11,141.03
12,E6,drought,0.004,0.00078,0.08,102.56
12,E7,drought,0.004,0.00084,0.06,71.43
12,F1,drought,0.004,0.00105,0.08,76.19
12,F2,drought,0.004,0.00105,0.12,114.29
12,F3,drought,0.004,0.00105,0.11,104.76
12,F4,drought,0.004,0.00084,0.02,23.81
12,F5,drought,0.004,0.00072,0.06,83.33
12,F6,drought,0.004,0.00072,0.07,97.22
12,F7,drought,0.004,0.00072,0.05,69.44
12,G1,drought,0.004,0.00072,0.08,111.11
12,G2,drought,0.004,0.00072,0.07,97.22
1,A1,nondrought,0.006,0.00126,0.16,126.98
1,A2,nondrought,0.006,0.00126,0.13,103.17
1,A3,nondrought,0.006,0.00126,0.12,95.24
1,A4,nondrought,0.006,0.00126,0.02,15.87
1,A5,nondrought,0.006,0.00126,0.07,55.56
1,A6,nondrought,0.004,0.00078,0.12,153.85
1,A7,nondrought,0.004,0.00078,0.09,115.38
1,B1,nondrought,0.004,0.00078,0.09,115.38
1,B2,nondrought,0.004,0.00078,0.03,38.46
1,B3,nondrought,0.004,0.00078,0.07,89.74
1,B4,nondrought,0.004,0.00084,0.05,59.52
1,B5,nondrought,0.004,0.00084,0.08,95.24
1,B6,nondrought,0.004,0.00084,0.09,107.14
1,B7,nondrought,0.004,0.00084,0.06,71.43
1,C1,nondrought,0.004,0.00084,0.1,119.05
1,C2,nondrought,0.004,0.00072,0.06,83.33
1,C3,nondrought,0.004,0.00072,0.08,111.11
1,C4,nondrought,0.004,0.00072,0.12,166.67
1,C5,nondrought,0.004,0.00072,0.07,97.22
1,C6,nondrought,0.004,0.00072,0.04,55.56
1,C7,nondrought,0.005,0.00102,0.14,137.25
1,D1,nondrought,0.005,0.00102,0.1,98.04
1,D2,nondrought,0.005,0.00102,0.07,68.63
1,D3,nondrought,0.005,0.00102,0.1,98.04
1,D4,nondrought,0.005,0.00102,0.06,58.82
1,D5,nondrought,0.004,0.00088,0.03,34.09
1,D6,nondrought,0.004,0.00088,0.04,45.45
1,D7,nondrought,0.004,0.00088,0.15,170.45
1,E1,nondrought,0.004,0.00088,0.09,102.27
1,E2,nondrought,0.004,0.00088,0.1,113.64
1,E3,nondrought,0.003,0.00062,0.04,64.52
1,E4,nondrought,0.003,0.00062,0.07,112.90
1,E5,nondrought,0.003,0.00062,0.06,96.77
1,E6,nondrought,0.003,0.00062,0.09,145.16
1,E7,nondrought,0.003,0.00062,0.03,48.39
1,F1,nondrought,0.003,0.00066,0.06,90.91
1,F2,nondrought,0.003,0.00066,0.03,45.45
1,F3,nondrought,0.003,0.00066,0.08,121.21
1,F4,nondrought,0.003,0.00066,0.06,90.91
1,F5,nondrought,0.003,0.00066,0.05,75.76
1,F6,nondrought,0.003,0.000625,0.11,176.00
1,F7,nondrought,0.003,0.000625,0.01,16.00
1,G1,nondrought,0.003,0.000625,0.04,64.00
1,G2,nondrought,0.003,0.000625,0.05,80.00
2,A1,nondrought,0.004,0.00074,0.08,108.11
2,A2,nondrought,0.004,0.00074,0.13,175.68
2,A3,nondrought,0.004,0.00074,0.05,67.57
2,A4,nondrought,0.004,0.00074,0.15,202.70
2,A5,nondrought,0.004,0.00074,0.05,67.57
2,A6,nondrought,0.003,0.00056,0.11,196.43
2,A7,nondrought,0.003,0.00056,0.1,178.57
2,B1,nondrought,0.003,0.00056,0.05,89.29
2,B2,nondrought,0.003,0.00056,0.06,107.14
2,B3,nondrought,0.003,0.00056,0.08,142.86
2,B4,nondrought,0.003,0.0005,0.06,120.00
2,B5,nondrought,0.003,0.0005,0.11,220.00
2,B6,nondrought,0.003,0.0005,0.03,60.00
2,B7,nondrought,0.003,0.0005,0.05,100.00
2,C1,nondrought,0.003,0.0005,0.08,160.00
2,C2,nondrought,0.002,0.00048,0.03,62.50
2,C3,nondrought,0.002,0.00048,0.04,83.33
2,C4,nondrought,0.002,0.00048,0.06,125.00
2,C5,nondrought,0.002,0.00048,0.11,229.17
2,C6,nondrought,0.002,0.00048,0.09,187.50
2,C7,nondrought,0.002,0.00044,0.04,90.91
2,D1,nondrought,0.002,0.00044,0.07,159.09
2,D2,nondrought,0.002,0.00044,0.08,181.82
2,D3,nondrought,0.002,0.00044,0.07,159.09
2,D4,nondrought,0.002,0.00044,0.06,136.36
2,D5,nondrought,0.002,0.0004,0.06,150.00
2,D6,nondrought,0.002,0.0004,0.1,250.00
2,D7,nondrought,0.002,0.0004,0.06,150.00
2,E1,nondrought,0.002,0.0004,0.04,100.00
2,E2,nondrought,0.002,0.0004,0.03,75.00
2,E3,nondrought,0.002,0.00042,0.07,166.67
2,E4,nondrought,0.002,0.00042,0.04,95.24
2,E5,nondrought,0.002,0.00042,0.08,190.48
2,E6,nondrought,0.002,0.00042,0.08,190.48
2,E7,nondrought,0.002,0.00042,0.09,214.29
2,F1,nondrought,0.003,0.00054,0.1,185.19
2,F2,nondrought,0.003,0.00054,0.09,166.67
2,F3,nondrought,0.003,0.00054,0.09,166.67
2,F4,nondrought,0.003,0.00054,0.05,92.59
2,F5,nondrought,0.003,0.00054,0.06,111.11
2,F6,nondrought,0.002,0.000375,0.04,106.67
2,F7,nondrought,0.002,0.000375,0.09,240.00
2,G1,nondrought,0.002,0.000375,0.08,213.33
2,G2,nondrought,0.002,0.000375,0.04,106.67
3,A1,nondrought,0.004,0.0007,0.07,100.00
3,A2,nondrought,0.004,0.0007,0.09,128.57
3,A3,nondrought,0.004,0.0007,0.04,57.14
3,A4,nondrought,0.004,0.0007,0.06,85.71
3,A5,nondrought,0.004,0.0007,0.08,114.29
3,A6,nondrought,0.003,0.00068,0.06,88.24
3,A7,nondrought,0.003,0.00068,0.06,88.24
3,B1,nondrought,0.003,0.00068,0.05,73.53
3,B2,nondrought,0.003,0.00068,0.08,117.65
3,B3,nondrought,0.003,0.00068,0.05,73.53
3,B4,nondrought,0.004,0.00084,0.08,95.24
3,B5,nondrought,0.004,0.00084,0.07,83.33
3,B6,nondrought,0.004,0.00084,0.1,119.05
3,B7,nondrought,0.004,0.00084,0.03,35.71
3,C1,nondrought,0.004,0.00084,0.06,71.43
3,C2,nondrought,0.005,0.00092,0.06,65.22
3,C3,nondrought,0.005,0.00092,0.06,65.22
3,C4,nondrought,0.005,0.00092,0.14,152.17
3,C5,nondrought,0.005,0.00092,0.06,65.22
3,C6,nondrought,0.005,0.00092,0.06,65.22
3,C7,nondrought,0.005,0.00106,0.12,113.21
3,D1,nondrought,0.005,0.00106,0.1,94.34
3,D2,nondrought,0.005,0.00106,0.15,141.51
3,D3,nondrought,0.005,0.00106,0.08,75.47
3,D4,nondrought,0.005,0.00106,0.08,75.47
3,D5,nondrought,0.004,0.00082,0.06,73.17
3,D6,nondrought,0.004,0.00082,0.08,97.56
3,D7,nondrought,0.004,0.00082,0.08,97.56
3,E1,nondrought,0.004,0.00082,0.08,97.56
3,E2,nondrought,0.004,0.00082,0.04,48.78
3,E3,nondrought,0.003,0.00062,0.05,80.65
3,E4,nondrought,0.003,0.00062,0.07,112.90
3,E5,nondrought,0.003,0.00062,0.07,112.90
3,E6,nondrought,0.003,0.00062,0.05,80.65
3,E7,nondrought,0.003,0.00062,0.03,48.39
3,F1,nondrought,0.004,0.0007,0.02,28.57
3,F2,nondrought,0.004,0.0007,0.05,71.43
3,F3,nondrought,0.004,0.0007,0.05,71.43
3,F4,nondrought,0.004,0.0007,0.09,128.57
3,F5,nondrought,0.004,0.0007,0.07,100.00
3,F6,nondrought,0.003,0.000675,0.07,103.70
3,F7,nondrought,0.003,0.00054,0.06,111.11
3,G1,nondrought,0.003,0.00054,0.06,111.11
3,G2,nondrought,0.003,0.00054,0.08,148.15
4,A1,nondrought,0.005,0.00094,0.11,117.02
4,A2,nondrought,0.005,0.00094,0.09,95.74
4,A3,nondrought,0.005,0.00094,0.08,85.11
4,A4,nondrought,0.005,0.00094,0.08,85.11
4,A5,nondrought,0.005,0.00094,0.08,85.11
4,A6,nondrought,0.005,0.001,0.09,90.00
4,A7,nondrought,0.005,0.001,0.09,90.00
4,B1,nondrought,0.005,0.001,0.1,100.00
4,B2,nondrought,0.005,0.001,0.11,110.00
4,B3,nondrought,0.005,0.001,0.07,70.00
4,B4,nondrought,0.006,0.0012,0.09,75.00
4,B5,nondrought,0.006,0.0012,0.15,125.00
4,B6,nondrought,0.006,0.0012,0.08,66.67
4,B7,nondrought,0.006,0.0012,0.11,91.67
4,C1,nondrought,0.006,0.0012,0.12,100.00
4,C2,nondrought,0.005,0.0009,0.11,122.22
4,C3,nondrought,0.005,0.0009,0.07,77.78
4,C4,nondrought,0.005,0.0009,0.17,188.89
4,C5,nondrought,0.005,0.0009,0.05,55.56
4,C6,nondrought,0.005,0.0009,0.03,33.33
4,C7,nondrought,0.005,0.00102,0.11,107.84
4,D1,nondrought,0.005,0.00102,0.1,98.04
4,D2,nondrought,0.005,0.00102,0.06,58.82
4,D3,nondrought,0.005,0.00102,0.14,137.25
4,D4,nondrought,0.005,0.00102,0.05,49.02
4,D5,nondrought,0.004,0.00078,0.09,115.38
4,D6,nondrought,0.004,0.00078,0.08,102.56
4,D7,nondrought,0.004,0.00078,0.05,64.10
4,E1,nondrought,0.004,0.00078,0.06,76.92
4,E2,nondrought,0.004,0.00078,0.05,64.10
4,E3,nondrought,0.004,0.0007,0.11,157.14
4,E4,nondrought,0.004,0.0007,0.08,114.29
4,E5,nondrought,0.004,0.0007,0.04,57.14
4,E6,nondrought,0.004,0.0007,0.04,57.14
4,E7,nondrought,0.004,0.0007,0.04,57.14
4,F1,nondrought,0.004,0.00082,0.06,73.17
4,F2,nondrought,0.004,0.00082,0.09,109.76
4,F3,nondrought,0.004,0.00082,0.05,60.98
4,F4,nondrought,0.004,0.00082,0.05,60.98
4,F5,nondrought,0.004,0.00082,0.06,73.17
4,F6,nondrought,0.003,0.000825,0.06,72.73
4,F7,nondrought,0.003,0.000825,0.06,72.73
4,G1,nondrought,0.003,0.000825,0.1,121.21
4,G2,nondrought,0.003,0.000825,0.04,48.48
5,A1,nondrought,0.003,0.0006,0.05,83.33
5,A2,nondrought,0.003,0.0006,0.04,66.67
5,A3,nondrought,0.003,0.0006,0.07,116.67
5,A4,nondrought,0.003,0.0006,0.03,50.00
5,A5,nondrought,0.003,0.0006,0.05,83.33
5,A6,nondrought,0.003,0.00052,0.04,76.92
5,A7,nondrought,0.003,0.00052,0.05,96.15
5,B1,nondrought,0.003,0.00052,0.06,115.38
5,B2,nondrought,0.003,0.00052,0.05,96.15
5,B3,nondrought,0.003,0.00052,0.04,76.92
5,B4,nondrought,0.003,0.00054,0.03,55.56
5,B5,nondrought,0.003,0.00054,0.05,92.59
5,B6,nondrought,0.003,0.00054,0.04,74.07
5,B7,nondrought,0.003,0.00054,0.05,92.59
5,C1,nondrought,0.003,0.00054,0.09,166.67
5,C2,nondrought,NA,NA,NA,NA
5,C3,nondrought,0.004,0.00086,0.08,93.02
5,C4,nondrought,0.004,0.00086,0.05,58.14
5,C5,nondrought,0.004,0.00086,0.08,93.02
5,C6,nondrought,0.004,0.00086,0.07,81.40
5,C7,nondrought,NA,NA,NA,NA
5,D1,nondrought,NA,NA,NA,NA
5,D2,nondrought,0.004,0.00086,0.11,127.91
5,D3,nondrought,0.003,0.00066,0.08,121.21
5,D4,nondrought,0.003,0.00066,0.06,90.91
5,D5,nondrought,0.003,0.00066,0.01,15.15
5,D6,nondrought,NA,NA,NA,NA
5,D7,nondrought,0.003,0.00066,0.08,121.21
5,E1,nondrought,0.003,0.00066,0.08,121.21
5,E2,nondrought,NA,NA,NA,NA
5,E3,nondrought,0.004,0.00078,0.06,76.92
5,E4,nondrought,0.004,0.00078,0.06,76.92
5,E5,nondrought,0.004,0.00078,0.03,38.46
5,E6,nondrought,0.004,0.00078,0.1,128.21
5,E7,nondrought,0.004,0.00078,0.07,89.74
5,F1,nondrought,0.002,0.0006,0.02,33.33
5,F2,nondrought,NA,NA,NA,NA
5,F3,nondrought,0.002,0.0006,0.05,83.33
5,F4,nondrought,0.002,0.0006,0.08,133.33
5,F5,nondrought,0.002,0.0006,0.07,116.67
5,F6,nondrought,0.004,0.0009,0.07,77.78
5,F7,nondrought,0.004,0.0009,0.07,77.78
5,G1,nondrought,0.004,0.0009,0.1,111.11
5,G2,nondrought,0.004,0.0009,0.13,144.44
6,A1,nondrought,0.005,0.00108,0.06,55.56
6,A2,nondrought,0.005,0.00108,0.04,37.04
6,A3,nondrought,0.005,0.00108,0.14,129.63
6,A4,nondrought,0.005,0.00108,0.03,27.78
6,A5,nondrought,0.005,0.00108,0.08,74.07
6,A6,nondrought,0.004,0.00084,0.05,59.52
6,A7,nondrought,0.004,0.00084,0.08,95.24
6,B1,nondrought,0.004,0.00084,0.06,71.43
6,B2,nondrought,0.004,0.00084,0.04,47.62
6,B3,nondrought,0.004,0.00084,0.04,47.62
6,B4,nondrought,0.005,0.00106,0.05,47.17
6,B5,nondrought,0.005,0.00106,0.02,18.87
6,B6,nondrought,0.005,0.00106,0.11,103.77
6,B7,nondrought,0.005,0.00106,0.12,113.21
6,C1,nondrought,0.005,0.00106,0.01,9.43
6,C2,nondrought,0.005,0.00098,0.06,61.22
6,C3,nondrought,0.005,0.00098,0.07,71.43
6,C4,nondrought,0.005,0.00098,0.04,40.82
6,C5,nondrought,0.005,0.00098,0.08,81.63
6,C6,nondrought,0.005,0.00098,0.12,122.45
6,C7,nondrought,0.007,0.0013,0.08,61.54
6,D1,nondrought,0.007,0.0013,0.06,46.15
6,D2,nondrought,0.007,0.0013,0.11,84.62
6,D3,nondrought,0.007,0.0013,0.09,69.23
6,D4,nondrought,0.007,0.0013,0.05,38.46
6,D5,nondrought,0.005,0.00096,0.04,41.67
6,D6,nondrought,0.005,0.00096,0.05,52.08
6,D7,nondrought,0.005,0.00096,0.05,52.08
6,E1,nondrought,0.005,0.00096,0.07,72.92
6,E2,nondrought,0.005,0.00096,0.07,72.92
6,E3,nondrought,0.007,0.0014,0.05,35.71
6,E4,nondrought,0.007,0.0014,0.09,64.29
6,E5,nondrought,0.007,0.0014,0.11,78.57
6,E6,nondrought,0.007,0.0014,0.11,78.57
6,E7,nondrought,0.007,0.0014,0.07,50.00
6,F1,nondrought,0.008,0.0015,0.04,26.67
6,F2,nondrought,0.008,0.0015,0.08,53.33
6,F3,nondrought,0.008,0.0015,0.13,86.67
6,F4,nondrought,0.008,0.0015,0.06,40.00
6,F5,nondrought,0.008,0.0015,0.12,80.00
6,F6,nondrought,0.004,0.001025,0.14,136.59
6,F7,nondrought,0.004,0.001025,0.07,68.29
6,G1,nondrought,0.004,0.001025,0.04,39.02
6,G2,nondrought,0.004,0.001025,0.04,39.02
7,A1,nondrought,0.004,0.00076,0.15,197.37
7,A2,nondrought,0.004,0.00076,0.12,157.89
7,A3,nondrought,0.004,0.00076,0.11,144.74
7,A4,nondrought,0.004,0.00076,0.12,157.89
7,A5,nondrought,0.004,0.00076,0.09,118.42
7,A6,nondrought,0.004,0.00078,0.1,128.21
7,A7,nondrought,0.004,0.00078,0.1,128.21
7,B1,nondrought,0.004,0.00078,0.09,115.38
7,B2,nondrought,0.004,0.00078,0.1,128.21
7,B3,nondrought,0.004,0.00078,0.07,89.74
7,B4,nondrought,0.005,0.00092,0.06,65.22
7,B5,nondrought,0.005,0.00092,0.1,108.70
7,B6,nondrought,0.005,0.00092,0.14,152.17
7,B7,nondrought,0.005,0.00092,0.1,108.70
7,C1,nondrought,0.005,0.00092,0.1,108.70
7,C2,nondrought,0.004,0.00074,0.09,121.62
7,C3,nondrought,0.004,0.00074,0.04,54.05
7,C4,nondrought,0.004,0.00074,0.07,94.59
7,C5,nondrought,0.004,0.00074,0.09,121.62
7,C6,nondrought,0.004,0.00074,0.08,108.11
7,C7,nondrought,0.003,0.00066,0.13,196.97
7,D1,nondrought,0.003,0.00066,0.09,136.36
7,D2,nondrought,0.003,0.00066,0.09,136.36
7,D3,nondrought,0.003,0.00066,0.09,136.36
7,D4,nondrought,0.003,0.00066,0.11,166.67
7,D5,nondrought,0.004,0.00074,0.1,135.14
7,D6,nondrought,0.004,0.00074,0.08,108.11
7,D7,nondrought,0.004,0.00074,0.06,81.08
7,E1,nondrought,0.004,0.00074,0.1,135.14
7,E2,nondrought,0.004,0.00074,0.12,162.16
7,E3,nondrought,0.004,0.00086,0.07,81.40
7,E4,nondrought,0.004,0.00086,0.11,127.91
7,E5,nondrought,0.004,0.00086,0.11,127.91
7,E6,nondrought,0.004,0.00086,0.08,93.02
7,E7,nondrought,0.004,0.00086,0.08,93.02
7,F1,nondrought,0.003,0.0006,0.08,133.33
7,F2,nondrought,0.003,0.0006,0.14,233.33
7,F3,nondrought,0.003,0.0006,0.07,116.67
7,F4,nondrought,0.003,0.0006,0.09,150.00
7,F5,nondrought,0.003,0.0006,0.04,66.67
7,F6,nondrought,0.003,0.000825,0.12,145.45
7,F7,nondrought,0.003,0.000825,0.09,109.09
7,G1,nondrought,0.003,0.000825,0.11,133.33
7,G2,nondrought,0.003,0.000825,0.1,121.21
8,A1,nondrought,0.005,0.00106,0.11,103.77
8,A2,nondrought,0.005,0.00106,0.1,94.34
8,A3,nondrought,0.005,0.00106,0.1,94.34
8,A4,nondrought,0.005,0.00106,0.12,113.21
8,A5,nondrought,0.005,0.00106,0.09,84.91
8,A6,nondrought,0.005,0.001,0.11,110.00
8,A7,nondrought,0.005,0.001,0.08,80.00
8,B1,nondrought,0.005,0.001,0.1,100.00
8,B2,nondrought,0.005,0.001,0.07,70.00
8,B3,nondrought,0.005,0.001,0.09,90.00
8,B4,nondrought,0.005,0.00102,0.12,117.65
8,B5,nondrought,0.005,0.00102,0.13,127.45
8,B6,nondrought,0.005,0.00102,0.1,98.04
8,B7,nondrought,0.005,0.00102,0.04,39.22
8,C1,nondrought,0.005,0.00102,0.09,88.24
8,C2,nondrought,0.007,0.00144,0.14,97.22
8,C3,nondrought,0.007,0.00144,0.17,118.06
8,C4,nondrought,0.007,0.00144,0.13,90.28
8,C5,nondrought,0.007,0.00144,0.19,131.94
8,C6,nondrought,0.007,0.00144,0.11,76.39
8,C7,nondrought,0.006,0.00124,0.12,96.77
8,D1,nondrought,0.006,0.00124,0.07,56.45
8,D2,nondrought,0.006,0.00124,0.17,137.10
8,D3,nondrought,0.006,0.00124,0.05,40.32
8,D4,nondrought,0.006,0.00124,0.19,153.23
8,D5,nondrought,0.006,0.00128,0.18,140.63
8,D6,nondrought,0.006,0.00128,0.06,46.88
8,D7,nondrought,0.006,0.00128,0.08,62.50
8,E1,nondrought,0.006,0.00128,0.12,93.75
8,E2,nondrought,0.006,0.00128,0.14,109.38
8,E3,nondrought,0.006,0.0011,0.04,36.36
8,E4,nondrought,0.006,0.0011,0.08,72.73
8,E5,nondrought,0.006,0.0011,0.14,127.27
8,E6,nondrought,0.006,0.0011,0.09,81.82
8,E7,nondrought,0.006,0.0011,0.15,136.36
8,F1,nondrought,0.006,0.0011,0.12,109.09
8,F2,nondrought,0.006,0.0011,0.06,54.55
8,F3,nondrought,0.006,0.0011,0.12,109.09
8,F4,nondrought,0.006,0.0011,0.08,72.73
8,F5,nondrought,0.006,0.0011,0.1,90.91
8,F6,nondrought,0.004,0.001025,0.14,136.59
8,F7,nondrought,0.004,0.001025,0.08,78.05
8,G1,nondrought,0.004,0.001025,0.03,29.27
8,G2,nondrought,0.004,0.001025,0.14,136.59
9,A1,nondrought,0.006,0.00124,0.06,48.39
9,A2,nondrought,0.006,0.00124,0.15,120.97
9,A3,nondrought,0.006,0.00124,0.14,112.90
9,A4,nondrought,0.006,0.00124,0.08,64.52
9,A5,nondrought,0.006,0.00124,0.14,112.90
9,A6,nondrought,0.007,0.00148,0.17,114.86
9,A7,nondrought,0.007,0.00148,0.11,74.32
9,B1,nondrought,0.007,0.00148,0.13,87.84
9,B2,nondrought,NA,NA,NA,NA
9,B3,nondrought,NA,NA,NA,NA
9,B4,nondrought,0.007,0.00148,0.12,81.08
9,B5,nondrought,0.007,0.00148,0.19,128.38
9,B6,nondrought,0.007,0.00134,0.15,111.94
9,B7,nondrought,0.007,0.00134,0.12,89.55
9,C1,nondrought,0.007,0.00134,0.13,97.01
9,C2,nondrought,NA,NA,NA,NA
9,C3,nondrought,0.007,0.00134,0.15,111.94
9,C4,nondrought,0.007,0.00134,0.14,104.48
9,C5,nondrought,0.006,0.00114,0.07,61.40
9,C6,nondrought,0.006,0.00114,0.09,78.95
9,C7,nondrought,0.006,0.00114,0.13,114.04
9,D1,nondrought,0.006,0.00114,0.13,114.04
9,D2,nondrought,0.006,0.00114,0.09,78.95
9,D3,nondrought,0.006,0.00118,0.16,135.59
9,D4,nondrought,0.006,0.00118,0.1,84.75
9,D5,nondrought,0.006,0.00118,0.06,50.85
9,D6,nondrought,0.006,0.00118,0.08,67.80
9,D7,nondrought,0.006,0.00118,0.13,110.17
9,E1,nondrought,0.006,0.00122,0.12,98.36
9,E2,nondrought,0.006,0.00122,0.07,57.38
9,E3,nondrought,0.006,0.00122,0.09,73.77
9,E4,nondrought,0.006,0.00122,0.13,106.56
9,E5,nondrought,0.006,0.00122,0.1,81.97
9,E6,nondrought,0.007,0.00144,0.18,125.00
9,E7,nondrought,0.007,0.00144,0.13,90.28
9,F1,nondrought,0.007,0.00144,0.1,69.44
9,F2,nondrought,0.007,0.00144,0.12,83.33
9,F3,nondrought,0.007,0.00144,0.17,118.06
9,F4,nondrought,0.005,0.001225,0.08,65.31
9,F5,nondrought,NA,NA,NA,NA
9,F6,nondrought,0.005,0.001225,0.08,65.31
9,F7,nondrought,0.005,0.001225,0.14,114.29
9,G1,nondrought,NA,NA,NA,NA
9,G2,nondrought,0.005,0.001225,0.12,97.96
10,A1,nondrought,0.005,0.00104,0.09,86.54
10,A2,nondrought,0.005,0.00104,0.08,76.92
10,A3,nondrought,0.005,0.00104,0.05,48.08
10,A4,nondrought,NA,NA,NA,NA
10,A5,nondrought,0.005,0.00104,0.06,57.69
10,A6,nondrought,NA,NA,NA,NA
10,A7,nondrought,NA,NA,NA,NA
10,B1,nondrought,NA,NA,NA,NA
10,B2,nondrought,NA,NA,NA,NA
10,B3,nondrought,0.005,0.00104,0.22,211.54
10,B4,nondrought,0.003,0.00058,0.06,103.45
10,B5,nondrought,0.003,0.00058,0.08,137.93
10,B6,nondrought,0.003,0.00058,0.04,68.97
10,B7,nondrought,NA,NA,NA,NA
10,C1,nondrought,0.003,0.00058,0.04,68.97
10,C2,nondrought,NA,NA,NA,NA
10,C3,nondrought,NA,NA,NA,NA
10,C4,nondrought,0.003,0.00058,0.04,68.97
10,C5,nondrought,NA,NA,NA,NA
10,C6,nondrought,0.004,0.0007,0.04,57.14
10,C7,nondrought,0.004,0.0007,0.08,114.29
10,D1,nondrought,0.004,0.0007,0.09,128.57
10,D2,nondrought,NA,NA,NA,NA
10,D3,nondrought,NA,NA,NA,NA
10,D4,nondrought,NA,NA,NA,NA
10,D5,nondrought,0.004,0.0007,0.13,185.71
10,D6,nondrought,0.004,0.0007,0.03,42.86
10,D7,nondrought,NA,NA,NA,NA
10,E1,nondrought,NA,NA,NA,NA
10,E2,nondrought,0.003,0.00054,0.06,111.11
10,E3,nondrought,NA,NA,NA,NA
10,E4,nondrought,0.003,0.00054,0.05,92.59
10,E5,nondrought,NA,NA,NA,NA
10,E6,nondrought,0.003,0.00054,0.02,37.04
10,E7,nondrought,NA,NA,NA,NA
10,F1,nondrought,0.003,0.00054,0.02,37.04
10,F2,nondrought,NA,NA,NA,NA
10,F3,nondrought,0.003,0.00054,0.05,92.59
10,F4,nondrought,NA,NA,NA,NA
10,F5,nondrought,0.002,0.0006,0.06,100.00
10,F6,nondrought,0.002,0.0006,0.05,83.33
10,F7,nondrought,0.002,0.0006,0.03,50.00
10,G1,nondrought,0.002,0.0006,0.08,133.33
10,G2,nondrought,NA,NA,NA,NA
11,A1,nondrought,0.004,0.0008,0.12,150.00
11,A2,nondrought,0.004,0.0008,0.06,75.00
11,A3,nondrought,0.004,0.0008,0.1,125.00
11,A4,nondrought,0.004,0.0008,0.11,137.50
11,A5,nondrought,0.004,0.0008,0.07,87.50
11,A6,nondrought,0.006,0.0011,0.08,72.73
11,A7,nondrought,0.006,0.0011,0.15,136.36
11,B1,nondrought,0.006,0.0011,0.1,90.91
11,B2,nondrought,0.006,0.0011,0.16,145.45
11,B3,nondrought,NA,NA,NA,NA
11,B4,nondrought,NA,NA,NA,NA
11,B5,nondrought,NA,NA,NA,NA
11,B6,nondrought,0.006,0.0011,0.11,100.00
11,B7,nondrought,0.009,0.0018,0.11,61.11
11,C1,nondrought,0.009,0.0018,0.08,44.44
11,C2,nondrought,0.009,0.0018,0.09,50.00
11,C3,nondrought,0.009,0.0018,0.63,350.00
11,C4,nondrought,0.009,0.0018,0.09,50.00
11,C5,nondrought,0.005,0.00104,0.16,153.85
11,C6,nondrought,NA,NA,NA,NA
11,C7,nondrought,0.005,0.00104,0.09,86.54
11,D1,nondrought,0.005,0.00104,0.12,115.38
11,D2,nondrought,0.005,0.00104,0.07,67.31
11,D3,nondrought,0.005,0.00104,0.12,115.38
11,D4,nondrought,0.005,0.00098,0.11,112.24
11,D5,nondrought,NA,NA,NA,NA
11,D6,nondrought,NA,NA,NA,NA
11,D7,nondrought,NA,NA,NA,NA
11,E1,nondrought,0.005,0.00098,0.07,71.43
11,E2,nondrought,0.005,0.00098,0.08,81.63
11,E3,nondrought,0.005,0.00098,0.1,102.04
11,E4,nondrought,NA,NA,NA,NA
11,E5,nondrought,0.005,0.00098,0.2,204.08
11,E6,nondrought,0.008,0.00154,0.09,58.44
11,E7,nondrought,NA,NA,NA,NA
11,F1,nondrought,NA,NA,NA,NA
11,F2,nondrought,0.008,0.00154,0.1,64.94
11,F3,nondrought,NA,NA,NA,NA
11,F4,nondrought,0.008,0.00154,0.12,77.92
11,F5,nondrought,NA,NA,NA,NA
11,F6,nondrought,NA,NA,NA,NA
11,F7,nondrought,NA,NA,NA,NA
11,G1,nondrought,0.008,0.00154,0.42,272.73
11,G2,nondrought,0.008,0.00154,0.17,110.39
12,A1,nondrought,0.005,0.00102,0.12,117.65
12,A2,nondrought,0.005,0.00102,0.09,88.24
12,A3,nondrought,0.005,0.00102,0.06,58.82
12,A4,nondrought,0.005,0.00102,0.09,88.24
12,A5,nondrought,0.005,0.00102,0.1,98.04
12,A6,nondrought,0.004,0.00088,0.08,90.91
12,A7,nondrought,0.004,0.00088,0.09,102.27
12,B1,nondrought,0.004,0.00088,0.05,56.82
12,B2,nondrought,0.004,0.00088,0.01,11.36
12,B3,nondrought,0.004,0.00088,0.09,102.27
12,B4,nondrought,0.003,0.00068,0.05,73.53
12,B5,nondrought,0.003,0.00068,0.05,73.53
12,B6,nondrought,0.003,0.00068,0.07,102.94
12,B7,nondrought,0.003,0.00068,0.11,161.76
12,C1,nondrought,0.003,0.00068,0.05,73.53
12,C2,nondrought,0.004,0.0008,0.09,112.50
12,C3,nondrought,0.004,0.0008,0.06,75.00
12,C4,nondrought,0.004,0.0008,0.08,100.00
12,C5,nondrought,0.004,0.0008,0.07,87.50
12,C6,nondrought,0.004,0.0008,0.06,75.00
12,C7,nondrought,0.004,0.00078,0.07,89.74
12,D1,nondrought,0.004,0.00078,0.03,38.46
12,D2,nondrought,0.004,0.00078,0.04,51.28
12,D3,nondrought,0.004,0.00078,0.08,102.56
12,D4,nondrought,0.004,0.00078,0.1,128.21
12,D5,nondrought,0.004,0.00078,0.07,89.74
12,D6,nondrought,0.004,0.00078,0.12,153.85
12,D7,nondrought,0.004,0.00078,0.05,64.10
12,E1,nondrought,0.004,0.00078,0.06,76.92
12,E2,nondrought,0.004,0.00078,0.04,51.28
12,E3,nondrought,0.004,0.0008,0.06,75.00
12,E4,nondrought,0.004,0.0008,0.05,62.50
12,E5,nondrought,NA,NA,NA,NA
12,E6,nondrought,0.004,0.0008,0.12,150.00
12,E7,nondrought,NA,NA,NA,NA
12,F1,nondrought,0.004,0.0008,0.07,87.50
12,F2,nondrought,0.004,0.0008,0.1,125.00
12,F3,nondrought,0.004,0.0007,0.07,100.00
12,F4,nondrought,0.004,0.0007,0.09,128.57
12,F5,nondrought,NA,NA,NA,NA
12,F6,nondrought,0.004,0.0007,0.07,100.00
12,F7,nondrought,0.004,0.0007,0.06,85.71
12,G1,nondrought,0.004,0.0007,0.06,NA
12,G2,nondrought,NA,NA,NA,NA